Timestamp,Temperature (°C),Humidity (%),Wind Speed
2026-10-03 01:57:46,32.6,75,8.9
2026-10-03 02:05:19,32.5,75,9.0
2026-10-03 04:48:35,35.1,59,12.6
2026-10-03 10:18:11,38.1,37,11.8
2026-10-03 15:05:59,34.6,45,8.5
2026-10-03 19:07:11,32.2,61,1.4
2026-10-03 22:47:01,30.6,70,1.5
2026-10-04 02:28:46,28.9,75,1.9
2026-10-04 09:32:14,38.1,39,12.1
2026-10-04 15:12:32,35.1,56,12.3
2026-10-04 19:23:31,32.1,65,8.9
2026-10-04 22:55:53,30.2,72,9.6
2026-10-05 01:48:09,29.4,84,12.4
2026-10-05 08:44:38,41.1,26,12.1
2026-10-05 18:12:29,34.0,43,7.1
2026-10-06 00:41:50,30.6,64,9.1
2026-10-06 07:23:53,38.9,36,5.2
2026-10-06 14:56:42,33.6,71,9.0
2026-10-06 20:08:44,31.8,77,1.7
2026-10-07 00:31:08,28.8,98,3.7
2026-10-07 07:02:42,35.4,52,7.3
2026-10-07 15:24:31,32.9,71,4.8
2026-10-07 21:08:43,31.2,79,6.2
2026-10-08 01:41:14,28.9,87,5.9
2026-10-08 08:41:37,38.8,35,8.2
2026-10-08 16:16:59,32.5,78,5.0
2026-10-08 21:55:37,30.1,83,5.1
2026-10-09 01:55:41,28.5,94,5.1
2026-10-09 08:49:33,39.6,31,8.6
2026-10-09 16:01:23,33.1,72,6.8
2026-10-09 21:31:35,30.1,91,4.3
2026-10-10 01:36:09,28.1,79,4.3
2026-10-10 08:18:24,38.9,25,5.9
2026-10-10 15:09:49,33.5,72,6.9
